b1_image_001_p4_.jpeg,19
b1_image_002_p6_.jpeg,25
b1_image_003_p16_.jpeg,75
b1_image_004_p23_.jpeg,115
b1_image_005_p26_.jpeg,137
b1_image_006_p33_.jpeg,170
b1_image_007_p35_.jpeg,183
b1_image_008_p40_.jpeg,210
b1_image_009_p44_.jpeg,237
b1_image_010_p48_.jpeg,255
b1_image_011_p52_.jpeg,275
b1_image_012_p53_.jpeg,284
b1_image_013_p58_.jpeg,309
b1_image_014_p60_.jpeg,317
b1_image_015_p63_.jpeg,340
b1_image_016_p64_.jpeg,346
b1_image_017_p68_.jpeg,370
b1_image_018_p72_.jpeg,386
b1_image_019_p77_.jpeg,415
b1_image_020_p83_.jpeg,450
b1_image_021_p84_.jpeg,460
b1_image_022_p86_.jpeg,471
b1_image_023_p94_.jpeg,515
b1_image_024_p98_.jpeg,535
b1_image_025_p102_.jpeg,559
b1_image_026_p105_.jpeg,578
b1_image_027_p107_.jpeg,590
b1_image_028_p111_.jpeg,610
b1_image_029_p122_.jpeg,668
b1_image_030_p125_.jpeg,691
b1_image_031_p131_.jpeg,716
b1_image_032_p134_.jpeg,733
b1_image_033_p138_.jpeg,750
b1_image_034_p143_.jpeg,775
b1_image_035_p145_.jpeg,787
b1_image_036_p150_.jpeg,814
b1_image_037_p154_.jpeg,835
b1_image_038_p159_.jpeg,862
b1_image_039_p160_.jpeg,865
b1_image_040_p164_.jpeg,890
